{
  "manifest": {
    "publishingInformation": {
      "locales": {
        "en-US": {
          "summary": "Fahrenheit to Celsius converter",
          "examplePhrases": [
            "Alexa, open convert degrees"
          ],
          "keywords": [
            "conversion"
          ],
          "name": "ConversorTem",
          "description": "This application will convert degrees Fahrenheit",
          "smallIconUri": "file://assets/images/en-US_smallIconUri.png",
          "updatesDescription": "degree conversion",
          "largeIconUri": "file://assets/images/en-US_largeIconUri.png"
        },
        "es-MX": {
          "summary": "Conversor de grados celsius a fahrenheit",
          "examplePhrases": [
            "Alexa, Abre convertir grados",
            "holacelsius a fahrenheit",
            "ayuda"
          ],
          "keywords": [
            "conversion"
          ],
          "name": "ConversorTem",
          "description": "hace la conversion de grados celsius a fahrenheit",
          "smallIconUri": "file://assets/images/es-MX_smallIconUri.png",
          "updatesDescription": "conversion de grados",
          "largeIconUri": "file://assets/images/es-MX_largeIconUri.png"
        }
      },
      "automaticDistribution": {
        "isActive": false
      },
      "isAvailableWorldwide": true,
      "testingInstructions": "{\"ask_dist_username\":\"\",\"ask_dist_password\":\"\",\"ask_dist_testing_instructions\":\"Sample Testing Instructions.\"}",
      "category": "SCHOOLS",
      "distributionMode": "PUBLIC",
      "distributionCountries": []
    },
    "apis": {
      "custom": {
        "endpoint": {
          "uri": "arn:aws:lambda:us-east-1:905418406238:function:f0ada211-6874-404e-98a0-db0fba315582:Release_0"
        },
        "interfaces": [],
        "locales": {},
        "regions": {
          "EU": {
            "endpoint": {
              "uri": "arn:aws:lambda:eu-west-1:905418406238:function:f0ada211-6874-404e-98a0-db0fba315582:Release_0"
            }
          },
          "NA": {
            "endpoint": {
              "uri": "arn:aws:lambda:us-east-1:905418406238:function:f0ada211-6874-404e-98a0-db0fba315582:Release_0"
            }
          },
          "FE": {
            "endpoint": {
              "uri": "arn:aws:lambda:us-west-2:905418406238:function:f0ada211-6874-404e-98a0-db0fba315582:Release_0"
            }
          }
        }
      }
    },
    "manifestVersion": "1.0",
    "privacyAndCompliance": {
      "allowsPurchases": false,
      "locales": {
        "en-US": {
          "termsOfUseUrl": "https://developer.amazon.com/es/support/legal/tou",
          "privacyPolicyUrl": "https://developer.amazon.com/es/support/legal/da"
        },
        "es-MX": {
          "termsOfUseUrl": "https://developer.amazon.com/es/support/legal/tou",
          "privacyPolicyUrl": "https://developer.amazon.com/es/support/legal/da"
        }
      },
      "containsAds": false,
      "isExportCompliant": true,
      "isChildDirected": true,
      "shoppingKit": {
        "isShoppingActionsEnabled": false,
        "isAmazonAssociatesOnAlexaEnabled": false
      },
      "usesPersonalInfo": false
    }
  }
}