{
  "interactionModel": {
    "languageModel": {
      "intents": [
        {
          "name": "AMAZON.CancelIntent",
          "samples": []
        },
        {
          "name": "AMAZON.HelpIntent",
          "samples": []
        },
        {
          "name": "AMAZON.StopIntent",
          "samples": []
        },
        {
          "slots": [],
          "name": "HelloWorldIntent",
          "samples": [
            "hola",
            "como estás",
            "di hola mundo",
            "di hola",
            "hola mundo"
          ]
        },
        {
          "name": "AMAZON.NavigateHomeIntent",
          "samples": []
        },
        {
          "slots": [
            {
              "name": "num",
              "type": "AMAZON.NUMBER"
            }
          ],
          "name": "ConversorEspanolIntent",
          "samples": [
            "A cuanto equivale {num} grados centigrados a farenheit"
          ]
        },
        {
          "slots": [
            {
              "name": "num",
              "type": "AMAZON.NUMBER"
            }
          ],
          "name": "EnglishConverterIntent",
          "samples": [
            "How much is  {num} degrees Fahrenheit equal to Celsius"
          ]
        }
      ],
      "types": [],
      "invocationName": "convert degrees"
    }
  }
}